{"ProtoVersion":"V2_6","WorkflowID":"1429995e-a7a1-48c0-a00e-e11fe55baf97","WorkflowName":"审批催办助手","WorkflowDesc":"任务描述: 输入审批事项和截止时间，输出简洁礼貌且专业尊重的催办提醒消息。\n示例问题: \"请帮我生成关于项目报告审批的催办提醒，截止时间是明天下午五点。\"","Nodes":[{"NodeID":"b9265892-2fa0-e1ac-e1c4-52d62e1dd195","NodeName":"开始","NodeDesc":"","NodeType":"START","StartNodeData":{"WorkflowParams":[]},"Inputs":[],"Outputs":[],"NextNodeIDs":["55264d70-788b-8574-f615-9f755a05a3ae"],"NodeUI":"{\"data\":{\"isHovering\":false,\"isParallel\":false,\"source\":false,\"target\":true,\"debug\":null,\"error\":false,\"output\":[],\"schema\":null,\"checkDataError\":0},\"position\":{\"x\":400,\"y\":282},\"targetPosition\":\"left\",\"sourcePosition\":\"right\",\"selected\":false,\"measured\":{\"width\":250,\"height\":84}}"},{"NodeID":"4fa3b4ea-02cf-b045-b131-2eed3544cd99","NodeName":"结束","NodeDesc":"","NodeType":"END","Inputs":[],"Outputs":[{"Title":"Output","Type":"OBJECT","Required":[],"Properties":[],"Desc":"输出内容","AnalysisMethod":"COVER"}],"NextNodeIDs":[],"NodeUI":"{\"data\":{\"isHovering\":false,\"isParallel\":false,\"source\":true,\"target\":false,\"debug\":null,\"error\":false,\"output\":[],\"schema\":null,\"checkDataError\":0},\"position\":{\"x\":1200,\"y\":282},\"targetPosition\":\"left\",\"sourcePosition\":\"right\",\"selected\":false,\"measured\":{\"width\":250,\"height\":84}}"},{"NodeID":"55264d70-788b-8574-f615-9f755a05a3ae","NodeName":"参数提取1","NodeDesc":"","NodeType":"PARAMETER_EXTRACTOR","ParameterExtractorNodeData":{"Parameters":[{"RefParameterID":"9183f7b2-5faa-48df-b92e-8c0092a98f04","Required":true,"SubParams":[]},{"RefParameterID":"e43d783b-422c-46f9-bbb1-958bf578417c","Required":true,"SubParams":[]},{"RefParameterID":"7132d66f-d3b6-4416-ae16-0e43de8e1270","Required":true,"SubParams":[]}],"UserConstraint":"","ModelName":"workflow-pro","ModelParams":{"Temperature":0,"TopP":0.8,"MaxTokens":4000,"StopSequences":[],"ReplyFormat":""}},"Inputs":[],"Outputs":[],"NextNodeIDs":["0fdcbfb4-a462-cb10-8c44-d160ea92aa6b"],"NodeUI":"{\"data\":{\"content\":\"参数：审批事项、催办对象、截止时间\",\"isHovering\":false,\"isParallel\":false,\"source\":true,\"target\":true,\"debug\":null,\"error\":false,\"output\":[{\"label\":\"Output\",\"desc\":\"输出内容\",\"optionType\":\"REFERENCE_OUTPUT\",\"type\":\"OBJECT\",\"children\":[{\"value\":\"9183f7b2-5faa-48df-b92e-8c0092a98f04\",\"label\":\"审批事项\",\"type\":\"STRING\",\"children\":[]},{\"value\":\"e43d783b-422c-46f9-bbb1-958bf578417c\",\"label\":\"催办对象\",\"type\":\"STRING\",\"children\":[]},{\"value\":\"7132d66f-d3b6-4416-ae16-0e43de8e1270\",\"label\":\"截止时间\",\"type\":\"STRING\",\"children\":[]}]}],\"schema\":null,\"checkDataError\":0,\"displayPrompt\":\"\"},\"position\":{\"x\":382,\"y\":497},\"targetPosition\":\"left\",\"sourcePosition\":\"right\",\"selected\":false,\"measured\":{\"width\":250,\"height\":104},\"dragging\":false}"},{"NodeID":"0fdcbfb4-a462-cb10-8c44-d160ea92aa6b","NodeName":"大模型1","NodeDesc":"","NodeType":"LLM","LLMNodeData":{"ModelName":"cs-normal-70b","Temperature":0,"TopP":0,"MaxTokens":0,"Prompt":"{{user}}","SystemPrompt":"你是审批提醒助理。\n输入：审批事项{{type}}、催办对象{{obj}}、截止时间{{date}}。\n输出：\n- 生成一条简洁礼貌的催办提醒消息\n- 避免生硬，体现专业与尊重","OutputFormat":"LLM_OUTPUT_TEXT","ModelParams":{"Temperature":0.7,"TopP":0.6,"MaxTokens":4000,"StopSequences":[],"ReplyFormat":""}},"Inputs":[{"Name":"type","Type":"STRING","Input":{"InputType":"REFERENCE_OUTPUT","Reference":{"NodeID":"55264d70-788b-8574-f615-9f755a05a3ae","JsonPath":"Output.审批事项"}},"Desc":"","IsRequired":false,"SubInputs":[],"DefaultValue":"","DefaultFileName":""},{"Name":"obj","Type":"STRING","Input":{"InputType":"REFERENCE_OUTPUT","Reference":{"NodeID":"55264d70-788b-8574-f615-9f755a05a3ae","JsonPath":"Output.催办对象"}},"Desc":"","IsRequired":false,"SubInputs":[],"DefaultValue":"","DefaultFileName":""},{"Name":"date","Type":"STRING","Input":{"InputType":"REFERENCE_OUTPUT","Reference":{"NodeID":"55264d70-788b-8574-f615-9f755a05a3ae","JsonPath":"Output.截止时间"}},"Desc":"","IsRequired":false,"SubInputs":[],"DefaultValue":"","DefaultFileName":""},{"Name":"user","Type":"STRING","Input":{"InputType":"SYSTEM_VARIABLE","SystemVariable":{"Name":"SYS.UserQuery","DialogHistoryLimit":15}},"Desc":"","IsRequired":false,"SubInputs":[],"DefaultValue":"","DefaultFileName":""}],"Outputs":[],"NextNodeIDs":["70512843-fb07-9ade-b796-0c8268aa623b"],"NodeUI":"{\"data\":{\"content\":\"输出：Output.Content, Output.Thought\",\"isHovering\":false,\"isParallel\":false,\"source\":true,\"target\":true,\"debug\":null,\"error\":false,\"output\":[{\"label\":\"Output\",\"desc\":\"输出内容\",\"optionType\":\"REFERENCE_OUTPUT\",\"type\":\"OBJECT\",\"children\":[]}],\"schema\":null,\"checkDataError\":0,\"displayPrompt\":\"<p><span data-w-e-type=\\\"slot\\\" data-w-e-is-void=\\\"\\\" data-w-e-is-inline=\\\"\\\" data-value=\\\"user\\\">{{user}}</span></p>\"},\"position\":{\"x\":701,\"y\":484},\"targetPosition\":\"left\",\"sourcePosition\":\"right\",\"selected\":true,\"measured\":{\"width\":250,\"height\":104},\"dragging\":false}","ExceptionHandling":{"Switch":"OFF","MaxRetries":"3","RetryInterval":"1","AbnormalOutputResult":"","HandleMethod":"EXCEPTION_OUTPUT","NextNodeIDs":[]},"PendingMessage":{"Switch":"OFF","Content":"","DelaySeconds":"1"}},{"NodeID":"70512843-fb07-9ade-b796-0c8268aa623b","NodeName":"回复1","NodeDesc":"","NodeType":"ANSWER","AnswerNodeData":{"Answer":"{{a1}}"},"Inputs":[{"Name":"a1","Type":"STRING","Input":{"InputType":"REFERENCE_OUTPUT","Reference":{"NodeID":"0fdcbfb4-a462-cb10-8c44-d160ea92aa6b","JsonPath":"Output.Content"}},"Desc":"","IsRequired":false,"SubInputs":[],"DefaultValue":"","DefaultFileName":""}],"Outputs":[{"Title":"Output","Type":"OBJECT","Required":[],"Properties":[],"Desc":"输出内容","AnalysisMethod":"COVER"}],"NextNodeIDs":["4fa3b4ea-02cf-b045-b131-2eed3544cd99"],"NodeUI":"{\"data\":{\"content\":\"{{a1}}\",\"isHovering\":false,\"isParallel\":false,\"source\":true,\"target\":true,\"debug\":null,\"error\":false,\"output\":[{\"id\":\"f3eec85c-8b6e-2890-a271-3a1e6d2e0020\",\"value\":\"Output\",\"label\":\"Output\",\"_uiId\":\"fed4462a-6962-43c2-b335-26ad4489d5e2\",\"type\":\"OBJECT\",\"children\":[{\"id\":\"a06ad2d4-0027-9744-99d5-97cda1790b62\",\"value\":\"Answer\",\"label\":\"Answer\",\"_uiId\":\"af6c5656-a871-373d-0b06-b09f1b7a03ca\",\"type\":\"STRING\",\"children\":[]}]}],\"schema\":null,\"checkDataError\":0},\"position\":{\"x\":915,\"y\":375},\"targetPosition\":\"left\",\"sourcePosition\":\"right\",\"selected\":false,\"measured\":{\"width\":250,\"height\":84}}"}],"Edge":"[{\"source\":\"b9265892-2fa0-e1ac-e1c4-52d62e1dd195\",\"sourceHandle\":\"b9265892-2fa0-e1ac-e1c4-52d62e1dd195-source\",\"target\":\"55264d70-788b-8574-f615-9f755a05a3ae\",\"targetHandle\":\"55264d70-788b-8574-f615-9f755a05a3ae-target\",\"type\":\"custom\",\"data\":{\"connectedNodeIsHovering\":false,\"error\":false,\"isHovering\":false},\"id\":\"xy-edge__b9265892-2fa0-e1ac-e1c4-52d62e1dd195b9265892-2fa0-e1ac-e1c4-52d62e1dd195-source-55264d70-788b-8574-f615-9f755a05a3ae55264d70-788b-8574-f615-9f755a05a3ae-target\",\"animated\":false},{\"source\":\"55264d70-788b-8574-f615-9f755a05a3ae\",\"sourceHandle\":\"55264d70-788b-8574-f615-9f755a05a3ae-source\",\"target\":\"0fdcbfb4-a462-cb10-8c44-d160ea92aa6b\",\"targetHandle\":\"0fdcbfb4-a462-cb10-8c44-d160ea92aa6b-target\",\"type\":\"custom\",\"data\":{\"connectedNodeIsHovering\":false,\"error\":false,\"isHovering\":false},\"id\":\"xy-edge__55264d70-788b-8574-f615-9f755a05a3ae55264d70-788b-8574-f615-9f755a05a3ae-source-0fdcbfb4-a462-cb10-8c44-d160ea92aa6b0fdcbfb4-a462-cb10-8c44-d160ea92aa6b-target\",\"animated\":false},{\"source\":\"0fdcbfb4-a462-cb10-8c44-d160ea92aa6b\",\"sourceHandle\":\"0fdcbfb4-a462-cb10-8c44-d160ea92aa6b-source\",\"target\":\"70512843-fb07-9ade-b796-0c8268aa623b\",\"targetHandle\":\"70512843-fb07-9ade-b796-0c8268aa623b-target\",\"type\":\"custom\",\"data\":{\"connectedNodeIsHovering\":false,\"error\":false,\"isHovering\":false},\"id\":\"xy-edge__0fdcbfb4-a462-cb10-8c44-d160ea92aa6b0fdcbfb4-a462-cb10-8c44-d160ea92aa6b-source-70512843-fb07-9ade-b796-0c8268aa623b70512843-fb07-9ade-b796-0c8268aa623b-target\",\"animated\":false},{\"source\":\"70512843-fb07-9ade-b796-0c8268aa623b\",\"sourceHandle\":\"70512843-fb07-9ade-b796-0c8268aa623b-source\",\"target\":\"4fa3b4ea-02cf-b045-b131-2eed3544cd99\",\"targetHandle\":\"4fa3b4ea-02cf-b045-b131-2eed3544cd99-target\",\"type\":\"custom\",\"data\":{\"connectedNodeIsHovering\":false,\"isHovering\":false,\"error\":false},\"id\":\"xy-edge__70512843-fb07-9ade-b796-0c8268aa623b70512843-fb07-9ade-b796-0c8268aa623b-source-4fa3b4ea-02cf-b045-b131-2eed3544cd994fa3b4ea-02cf-b045-b131-2eed3544cd99-target\",\"animated\":false}]","Mode":"NORMAL","ReleaseTime":""}